<?xml version="1.0" encoding="UTF-8"?>

<configuration scan="true" scanPeriod="60 seconds">
    <property name="logPattern" value="%d{yyyy-MM-dd HH:mm:ss.SSS} %-5level [%thread] [%logger{50}] [Line:%-3L] - %msg%n"/>
    <springProperty scope="context" name="logDir" source="mrk.log.path"/>

    <!-- 控制台日志-->
    <appender name="console" class="ch.qos.logback.core.ConsoleAppender">
        <encoder>
            <pattern>#[[\$]]#{logPattern}</pattern>
        </encoder>
    </appender>

    <!-- 业务日志 30天-->
    <appender name="output"  class="ch.qos.logback.core.rolling.RollingFileAppender">
        <!-- output过滤掉Error
        <filter class="ch.qos.logback.classic.filter.LevelFilter">
            <level>ERROR</level>
            <onMatch>DENY</onMatch>
            <onMismatch>ACCEPT</onMismatch>
        </filter>
        -->
        <file>#[[\$]]#{logDir}/output.log</file>
        <rollingPolicy class="ch.qos.logback.core.rolling.SizeAndTimeBasedRollingPolicy">
            <FileNamePattern>#[[\$]]#{logDir}/output-%d{yyyy-MM-dd}.%i.log</FileNamePattern>
            <!-- 单个日志文件最大值，达到之后就进行切割 -->
            <maxFileSize>1GB</maxFileSize>
            <MaxHistory>30</MaxHistory>
            <totalSizeCap>10GB</totalSizeCap>
        </rollingPolicy>
        <encoder>
            <pattern>#[[\$]]#{logPattern}</pattern>
        </encoder>
    </appender>

    <!-- 系统启动日志 3天-->
    <appender name="system" class="ch.qos.logback.core.rolling.RollingFileAppender">
        <file>#[[\$]]#{logDir}/system.log</file>
        <rollingPolicy class="ch.qos.logback.core.rolling.TimeBasedRollingPolicy">
            <FileNamePattern>#[[\$]]#{logDir}/system_%d{yyyy-MM-dd}.log</FileNamePattern>
            <MaxHistory>3</MaxHistory>
        </rollingPolicy>
        <encoder>
            <pattern>#[[\$]]#{logPattern}</pattern>
        </encoder>
    </appender>

    <!-- 报错日志 3天-->
    <appender name="error" class="ch.qos.logback.core.rolling.RollingFileAppender">
        <filter class="ch.qos.logback.classic.filter.ThresholdFilter">
            <level>ERROR</level>
        </filter>
        <file>#[[\$]]#{logDir}/error.log</file>
        <rollingPolicy class="ch.qos.logback.core.rolling.TimeBasedRollingPolicy">
            <FileNamePattern>#[[\$]]#{logDir}/error_%d{yyyy-MM-dd}.log</FileNamePattern>
            <MaxHistory>3</MaxHistory>
        </rollingPolicy>
        <encoder>
            <pattern>#[[\$]]#{logPattern}</pattern>
        </encoder>
    </appender>

    <!-- 接口访问日志 3天-->
    <appender name="access" class="ch.qos.logback.core.rolling.RollingFileAppender">
        <file>#[[\$]]#{logDir}/access.log</file>
        <rollingPolicy class="ch.qos.logback.core.rolling.TimeBasedRollingPolicy">
            <FileNamePattern>#[[\$]]#{logDir}/access_%d{yyyy-MM-dd}.log</FileNamePattern>
            <MaxHistory>3</MaxHistory>
        </rollingPolicy>
        <encoder>
            <pattern>#[[\$]]#{logPattern}</pattern>
        </encoder>
    </appender>


    <!-- 系统访问日志 内部消化 不向下传递-->
    <logger name="access" additivity="false">
        <appender-ref ref="console"/>
        <appender-ref ref="access"/>
        <appender-ref ref="error"/>
    </logger>

    <!-- 系统错误日志 内部消化 不向下传递-->
    <logger name="error" additivity="false">
        <appender-ref ref="console"/>
        <appender-ref ref="error"/>
    </logger>

    <!-- springboot 日志输出 内部消化 不向下传递 -->
    <logger name="org.springframework" level="info" additivity="false">
        <appender-ref ref="console"/>
        <appender-ref ref="system"/>
        <appender-ref ref="error"/>
    </logger>

    <springProfile name="dev">
        <logger name="com.mrk" level="debug" additivity="false">
            <appender-ref ref="console"/>
            <appender-ref ref="output"/>
            <appender-ref ref="error"/>
        </logger>
    </springProfile>

    <springProfile name="huaweidev">
        <logger name="com.mrk" level="debug" additivity="false">
            <appender-ref ref="console"/>
            <appender-ref ref="output"/>
            <appender-ref ref="error"/>
        </logger>
    </springProfile>

    <springProfile name="test">
        <logger name="com.mrk" level="debug" additivity="false">
            <appender-ref ref="console"/>
            <appender-ref ref="output"/>
            <appender-ref ref="error"/>
        </logger>
    </springProfile>

    <springProfile name="huaweitest">
        <logger name="com.mrk" level="debug" additivity="false">
            <appender-ref ref="console"/>
            <appender-ref ref="output"/>
            <appender-ref ref="error"/>
        </logger>
    </springProfile>

    <springProfile name="prod">
        <logger name="com.mrk" level="info" additivity="false">
            <appender-ref ref="console"/>
            <appender-ref ref="output"/>
            <appender-ref ref="error"/>
        </logger>
    </springProfile>

    <springProfile name="huaweiprod">
        <logger name="com.mrk" level="info" additivity="false">
            <appender-ref ref="console"/>
            <appender-ref ref="output"/>
            <appender-ref ref="error"/>
        </logger>
    </springProfile>

    <root level="info">
        <appender-ref ref="console"/>
        <appender-ref ref="error"/>
        <appender-ref ref="system"/>
    </root>
</configuration>
