<?xml version="1.0" encoding="UTF-8" ?>
<!DOCTYPE mapper
        PUBLIC "-//mybatis.org//DTD Mapper 3.0//EN"
        "http://mybatis.org/dtd/mybatis-3-mapper.dtd">
<mapper namespace="com.mrk.finance.dao.FncBankWaterMapper">

    <resultMap type="com.mrk.finance.model.FncBankWater" id="BaseResultMap">
        <id column="fbw_id" jdbcType="BIGINT" property="fbwId"/>
        <result column="fbw_voucher_no" jdbcType="VARCHAR" property="fbwVoucherNo"/>
        <result column="fbw_own_account" jdbcType="VARCHAR" property="fbwOwnAccount"/>
        <result column="fbw_other_account" jdbcType="VARCHAR" property="fbwOtherAccount"/>
        <result column="fbw_other_unit_name" jdbcType="VARCHAR" property="fbwOtherUnitName"/>
        <result column="fbw_loan_type" jdbcType="INTEGER" property="fbwLoanType"/>
        <result column="fbw_deal_time" jdbcType="TIMESTAMP" property="fbwDealTime"/>
        <result column="fbw_borrow_amount" jdbcType="DOUBLE" property="fbwBorrowAmount"/>
        <result column="fbw_credit_amount" jdbcType="DOUBLE" property="fbwCreditAmount"/>
        <result column="fbw_use" jdbcType="VARCHAR" property="fbwUse"/>
        <result column="fbw_digest" jdbcType="VARCHAR" property="fbwDigest"/>
        <result column="fbw_personalized_information" jdbcType="VARCHAR" property="fbwPersonalizedInformation"/>
        <result column="fbw_match_state" jdbcType="INTEGER" property="fbwMatchState"/>
        <result column="fbw_match_bill" jdbcType="VARCHAR" property="fbwMatchBill"/>
        <result column="fbw_match_type" jdbcType="INTEGER" property="fbwMatchType"/>
        <result column="fbw_matched_amount" jdbcType="DOUBLE" property="fbwMatchedAmount"/>
        <result column="fbw_not_match_amount" jdbcType="DOUBLE" property="fbwNotMatchAmount"/>
        <result column="remark" jdbcType="VARCHAR" property="remark"/>
        <result column="createuser" jdbcType="VARCHAR" property="createuser"/>
        <result column="createtime" jdbcType="TIMESTAMP" property="createtime"/>
        <result column="updateuser" jdbcType="VARCHAR" property="updateuser"/>
        <result column="updatetime" jdbcType="TIMESTAMP" property="updatetime"/>
        <result column="dr" jdbcType="INTEGER" property="dr"/>
    </resultMap>
</mapper>
