<?xml version="1.0" encoding="UTF-8" ?>
<!DOCTYPE mapper
        PUBLIC "-//mybatis.org//DTD Mapper 3.0//EN"
        "http://mybatis.org/dtd/mybatis-3-mapper.dtd">
<mapper namespace="com.mrk.finance.dao.FncContractRentalFeesMapper">

    <resultMap type="com.mrk.finance.model.FncContractRentalFees" id="BaseResultMap">
        <id column="fcrf_id" jdbcType="BIGINT" property="fcrfId"/>
        <result column="fcrf_contract_id" jdbcType="BIGINT" property="fcrfContractId"/>
        <result column="fcrf_rent_fees_id" jdbcType="BIGINT" property="fcrfRentFeesId"/>
        <result column="fcrf_write" jdbcType="INTEGER" property="fcrfWrite"/>
        <result column="fcrf_value" jdbcType="VARCHAR" property="fcrfValue"/>
        <result column="remark" jdbcType="VARCHAR" property="remark"/>
        <result column="createuser" jdbcType="VARCHAR" property="createuser"/>
        <result column="createtime" jdbcType="TIMESTAMP" property="createtime"/>
        <result column="updateuser" jdbcType="VARCHAR" property="updateuser"/>
        <result column="updatetime" jdbcType="TIMESTAMP" property="updatetime"/>
        <result column="dr" jdbcType="INTEGER" property="dr"/>
    </resultMap>
</mapper>
