<?xml version="1.0" encoding="UTF-8" ?>
<!DOCTYPE mapper
        PUBLIC "-//mybatis.org//DTD Mapper 3.0//EN"
        "http://mybatis.org/dtd/mybatis-3-mapper.dtd">
<mapper namespace="com.mrk.finance.dao.FncContractAttachMapper">

    <resultMap type="com.mrk.finance.model.FncContractAttach" id="BaseResultMap">
        <id column="fca_id" jdbcType="BIGINT" property="fcaId"/>
        <result column="fca_contract_id" jdbcType="BIGINT" property="fcaContractId"/>
        <result column="fca_link" jdbcType="VARCHAR" property="fcaLink"/>
        <result column="fca_file_type" jdbcType="VARCHAR" property="fcaFileType"/>
        <result column="remark" jdbcType="VARCHAR" property="remark"/>
        <result column="createtime" jdbcType="TIMESTAMP" property="createtime"/>
        <result column="createuser" jdbcType="VARCHAR" property="createuser"/>
        <result column="updatetime" jdbcType="TIMESTAMP" property="updatetime"/>
        <result column="updateuser" jdbcType="VARCHAR" property="updateuser"/>
        <result column="dr" jdbcType="INTEGER" property="dr"/>
    </resultMap>
</mapper>
