<?xml version="1.0" encoding="UTF-8" ?>
<!DOCTYPE mapper
        PUBLIC "-//mybatis.org//DTD Mapper 3.0//EN"
        "http://mybatis.org/dtd/mybatis-3-mapper.dtd">
<mapper namespace="com.mrk.finance.dao.FncConfirmIncomeMapper">

    <resultMap type="com.mrk.finance.model.FncConfirmIncome" id="BaseResultMap">
        <id column="fci_id" jdbcType="BIGINT" property="fciId"/>
        <result column="fci_dept_id" jdbcType="BIGINT" property="fciDeptId"/>
        <result column="fci_income_month" jdbcType="TIMESTAMP" property="fciIncomeMonth"/>
        <result column="fci_rent_income" jdbcType="DOUBLE" property="fciRentIncome"/>
        <result column="fci_penalty_income" jdbcType="DOUBLE" property="fciPenaltyIncome"/>
        <result column="fci_car_purchase_income" jdbcType="DOUBLE" property="fciCarPurchaseIncome"/>
        <result column="fci_total_income" jdbcType="DOUBLE" property="fciTotalIncome"/>
        <result column="remark" jdbcType="VARCHAR" property="remark"/>
        <result column="createuser" jdbcType="VARCHAR" property="createuser"/>
        <result column="createtime" jdbcType="TIMESTAMP" property="createtime"/>
        <result column="updateuser" jdbcType="VARCHAR" property="updateuser"/>
        <result column="updatetime" jdbcType="TIMESTAMP" property="updatetime"/>
        <result column="dr" jdbcType="INTEGER" property="dr"/>
    </resultMap>
</mapper>
