<?xml version="1.0" encoding="UTF-8" ?>
<!DOCTYPE mapper
        PUBLIC "-//mybatis.org//DTD Mapper 3.0//EN"
        "http://mybatis.org/dtd/mybatis-3-mapper.dtd">
<mapper namespace="com.mrk.finance.dao.FncContractCarmodelMapper">

    <resultMap type="com.mrk.finance.model.FncContractCarmodel" id="BaseResultMap">
        <id column="fcc_id" jdbcType="BIGINT" property="fccId"/>
        <result column="fcc_contract_id" jdbcType="BIGINT" property="fccContractId"/>
        <result column="fcc_contract_carmodel_id" jdbcType="BIGINT" property="fccContractCarmodelId"/>
        <result column="fcc_carnum" jdbcType="INTEGER" property="fccCarnum"/>
        <result column="remark" jdbcType="VARCHAR" property="remark"/>
        <result column="createuser" jdbcType="VARCHAR" property="createuser"/>
        <result column="createtime" jdbcType="TIMESTAMP" property="createtime"/>
        <result column="updateuser" jdbcType="VARCHAR" property="updateuser"/>
        <result column="updatetime" jdbcType="TIMESTAMP" property="updatetime"/>
        <result column="dr" jdbcType="INTEGER" property="dr"/>
    </resultMap>
</mapper>
