<?xml version="1.0" encoding="UTF-8" ?>
<!DOCTYPE mapper
        PUBLIC "-//mybatis.org//DTD Mapper 3.0//EN"
        "http://mybatis.org/dtd/mybatis-3-mapper.dtd">
<mapper namespace="com.mrk.finance.dao.FncContractAdditionMapper">
    
    <resultMap type="com.mrk.finance.model.FncContractAddition" id="BaseResultMap">
        <id column="fca_id" jdbcType="BIGINT" property="fcaId"/>
        <result column="fca_type" jdbcType="INTEGER" property="fcaType"/>
        <result column="fca_contract_id" jdbcType="BIGINT" property="fcaContractId"/>
        <result column="fca_contract_no" jdbcType="VARCHAR" property="fcaContractNo"/>
        <result column="fca_associate_contract_no" jdbcType="VARCHAR" property="fcaAssociateContractNo"/>
        <result column="fca_lease_end_date" jdbcType="TIMESTAMP" property="fcaLeaseEndDate"/>
        <result column="fca_new_car_plate_num" jdbcType="VARCHAR" property="fcaNewCarPlateNum"/>
        <result column="fca_new_handover_date" jdbcType="TIMESTAMP" property="fcaNewHandoverDate"/>
        <result column="fca_old_car_return_date" jdbcType="TIMESTAMP" property="fcaOldCarReturnDate"/>
        <result column="fca_contract_terminate_date" jdbcType="TIMESTAMP" property="fcaContractTerminateDate"/>
        <result column="fca_information_fee" jdbcType="DOUBLE" property="fcaInformationFee"/>
        <result column="fca_pay_type" jdbcType="INTEGER" property="fcaPayType"/>
        <result column="remark" jdbcType="VARCHAR" property="remark"/>
        <result column="createuser" jdbcType="VARCHAR" property="createuser"/>
        <result column="createtime" jdbcType="TIMESTAMP" property="createtime"/>
        <result column="updateuser" jdbcType="VARCHAR" property="updateuser"/>
        <result column="updatetime" jdbcType="TIMESTAMP" property="updatetime"/>
        <result column="dr" jdbcType="INTEGER" property="dr"/>
    </resultMap>
</mapper>
