<?xml version="1.0" encoding="UTF-8" ?>
<!DOCTYPE mapper
        PUBLIC "-//mybatis.org//DTD Mapper 3.0//EN"
        "http://mybatis.org/dtd/mybatis-3-mapper.dtd">
<mapper namespace="com.mrk.finance.dao.FncContractRentMapper">

    <resultMap type="com.mrk.finance.model.FncContractRent" id="BaseResultMap">
        <id column="fcc_id" jdbcType="BIGINT" property="fccId"/>
        <result column="fcc_contract_id" jdbcType="BIGINT" property="fccContractId"/>
        <result column="fcc_start_month" jdbcType="INTEGER" property="fccStartMonth"/>
        <result column="fcc_end_month" jdbcType="INTEGER" property="fccEndMonth"/>
        <result column="fcc_rent_amount" jdbcType="DOUBLE" property="fccRentAmount"/>
        <result column="remark" jdbcType="VARCHAR" property="remark"/>
        <result column="createuser" jdbcType="VARCHAR" property="createuser"/>
        <result column="createtime" jdbcType="TIMESTAMP" property="createtime"/>
        <result column="updateuser" jdbcType="VARCHAR" property="updateuser"/>
        <result column="updatetime" jdbcType="TIMESTAMP" property="updatetime"/>
        <result column="dr" jdbcType="INTEGER" property="dr"/>
    </resultMap>
</mapper>
