<?xml version="1.0" encoding="UTF-8" ?>
<!DOCTYPE mapper
        PUBLIC "-//mybatis.org//DTD Mapper 3.0//EN"
        "http://mybatis.org/dtd/mybatis-3-mapper.dtd">
<mapper namespace="com.mrk.finance.dao.FncContractManagementMapper">

    <resultMap type="com.mrk.finance.model.FncContractManagement" id="BaseResultMap">
        <id column="fcm_id" jdbcType="BIGINT" property="fcmId"/>
        <result column="fcm_city_id" jdbcType="BIGINT" property="fcmCityId"/>
        <result column="fcm_contract_type" jdbcType="INTEGER" property="fcmContractType"/>
        <result column="fcm_contract_no" jdbcType="VARCHAR" property="fcmContractNo"/>
        <result column="fcm_partya_type" jdbcType="INTEGER" property="fcmPartyaType"/>
        <result column="fcm_partya_id" jdbcType="BIGINT" property="fcmPartyaId"/>
        <result column="fcm_partyb_type" jdbcType="INTEGER" property="fcmPartybType"/>
        <result column="fcm_partyb_id" jdbcType="BIGINT" property="fcmPartybId"/>
        <result column="fcm_car_type_id" jdbcType="BIGINT" property="fcmCarTypeId"/>
        <result column="fcm_operat_platform" jdbcType="INTEGER" property="fcmOperatPlatform"/>
        <result column="fcm_signed_date" jdbcType="TIMESTAMP" property="fcmSignedDate"/>
        <result column="fcm_lease_calculate_type" jdbcType="INTEGER" property="fcmLeaseCalculateType"/>
        <result column="fcm_lease_count" jdbcType="INTEGER" property="fcmLeaseCount"/>
        <result column="fcm_lease_start_type" jdbcType="INTEGER" property="fcmLeaseStartType"/>
        <result column="fcm_lease_start_date" jdbcType="TIMESTAMP" property="fcmLeaseStartDate"/>
        <result column="fcm_lease_end_date" jdbcType="TIMESTAMP" property="fcmLeaseEndDate"/>
        <result column="fcm_lease_type" jdbcType="INTEGER" property="fcmLeaseType"/>
        <result column="fcm_lease_amount" jdbcType="DOUBLE" property="fcmLeaseAmount"/>
        <result column="fcm_rent_pay_type" jdbcType="INTEGER" property="fcmRentPayType"/>
        <result column="fcm_rent_pay_cycle" jdbcType="INTEGER" property="fcmRentPayCycle"/>
        <result column="fcm_give_lease" jdbcType="INTEGER" property="fcmGiveLease"/>
        <result column="fcm_give_sequence" jdbcType="INTEGER" property="fcmGiveSequence"/>
        <result column="fcm_bill_generate_type" jdbcType="INTEGER" property="fcmBillGenerateType"/>
        <result column="fcm_bill_generate_interval" jdbcType="INTEGER" property="fcmBillGenerateInterval"/>
        <result column="fcm_bill_catoff_type" jdbcType="INTEGER" property="fcmBillCatoffType"/>
        <result column="fcm_bill_catoff_interval" jdbcType="INTEGER" property="fcmBillCatoffInterval"/>
        <result column="fcm_carnum_total" jdbcType="INTEGER" property="fcmCarnumTotal"/>
        <result column="fcm_single_margin" jdbcType="DOUBLE" property="fcmSingleMargin"/>
        <result column="fcm_margin_pay_require" jdbcType="INTEGER" property="fcmMarginPayRequire"/>
        <result column="fcm_lease_amount_total" jdbcType="DOUBLE" property="fcmLeaseAmountTotal"/>
        <result column="fcm_margin_type" jdbcType="INTEGER" property="fcmMarginType"/>
        <result column="fcm_margin_money" jdbcType="DOUBLE" property="fcmMarginMoney"/>
        <result column="fcm_margin_total" jdbcType="DOUBLE" property="fcmMarginTotal"/>
        <result column="fcm_car_purchase" jdbcType="DOUBLE" property="fcmCarPurchase"/>
        <result column="fcm_bold_rent" jdbcType="DOUBLE" property="fcmBoldRent"/>
        <result column="fcm_car_purchase_advance" jdbcType="VARCHAR" property="fcmCarPurchaseAdvance"/>
        <result column="fcm_contract_state" jdbcType="INTEGER" property="fcmContractState"/>
        <result column="fcm_settlement_state" jdbcType="INTEGER" property="fcmSettlementState"/>
        <result column="fcm_associate_contract_id" jdbcType="BIGINT" property="fcmAssociateContractId"/>
        <result column="fcm_associate_contract_no" jdbcType="VARCHAR" property="fcmAssociateContractNo"/>
        <result column="fnc_turner_single_deal" jdbcType="INTEGER" property="fncTurnerSingleDeal"/>
        <result column="fcm_car_nature" jdbcType="VARCHAR" property="fcmCarNature"/>
        <result column="fcm_deliver_city" jdbcType="BIGINT" property="fcmDeliverCity"/>
        <result column="fcm_return_city" jdbcType="BIGINT" property="fcmReturnCity"/>
        <result column="fcm_deliver_type" jdbcType="INTEGER" property="fcmDeliverType"/>
        <result column="fcm_sublet" jdbcType="INTEGER" property="fcmSublet"/>
        <result column="fcm_signed_addr" jdbcType="BIGINT" property="fcmSignedAddr"/>
        <result column="fcm_create_phone" jdbcType="VARCHAR" property="fcmCreatePhone"/>
        <result column="fcm_use" jdbcType="VARCHAR" property="fcmUse"/>
        <result column="remark" jdbcType="VARCHAR" property="remark"/>
        <result column="createuser" jdbcType="VARCHAR" property="createuser"/>
        <result column="createtime" jdbcType="TIMESTAMP" property="createtime"/>
        <result column="updateuser" jdbcType="VARCHAR" property="updateuser"/>
        <result column="updatetime" jdbcType="TIMESTAMP" property="updatetime"/>
        <result column="dr" jdbcType="INTEGER" property="dr"/>
    </resultMap>

    <select id="selectWithTableJoin" resultMap="BaseResultMap">
        select distinct t1.*
        from fnc_contract_management t1
        inner join
        fnc_contract_carmodel t2
        on t1.fcm_id = t2.fcc_contract_id
        where t1.dr = 0
        <if test="fcmIdEqualTo != null">
            and t1.fcm_id = \#{fcmIdEqualTo}
        </if>
        <if test="fcmContractNoLike != null">
            and t1.fcm_contract_no like concat('%', \#{fcmContractNoLike}, '%')
        </if>
        <if test="fcmPartyaTypeEqualTo != null">
            and t1.fcm_partya_type = \#{fcmPartyaTypeEqualTo}
        </if>
        <if test="fcmPartyaIdEqualTo != null">
            and t1.fcm_partya_id = \#{fcmPartyaIdEqualTo}
        </if>
        <if test="fcmPartybTypeEqualTo != null">
            and t1.fcm_partyb_type = \#{fcmPartybTypeEqualTo}
        </if>
        <if test="fcmPartybIdEqualTo != null">
            and t1.fcm_partyb_id = \#{fcmPartybIdEqualTo}
        </if>
        <if test="fcmContractTypeEqualTo != null">
            and t1.fcm_contract_type = \#{fcmContractTypeEqualTo}
        </if>
        <if test="fcmSignedDateGreaterThanOrEqualTo != null and fcmSignedDateLessThanOrEqualTo != null">
            and t1.fcm_signed_date between \#{fcmSignedDateGreaterThanOrEqualTo} and \#{fcmSignedDateLessThanOrEqualTo}
        </if>
        <if test="fcmLeaseStartDateGreaterThanOrEqualTo != null and fcmLeaseStartDateLessThanOrEqualTo != null">
            and t1.fcm_lease_start_date between \#{fcmLeaseStartDateGreaterThanOrEqualTo} and \#{fcmLeaseStartDateLessThanOrEqualTo}
        </if>
        <if test="fcmLeaseEndDateGreaterThanOrEqualTo != null and fcmLeaseEndDateLessThanOrEqualTo != null">
            and t1.fcm_lease_end_date between \#{fcmLeaseEndDateGreaterThanOrEqualTo} and \#{fcmLeaseEndDateLessThanOrEqualTo}
        </if>
        <if test="fcmContractStateEqualTo != null">
            and t1.fcm_contract_state = \#{fcmContractStateEqualTo}
        </if>
        <if test="fcmSettlementStateEqualTo != null">
            and t1.fcm_settlement_state = \#{fcmSettlementStateEqualTo}
        </if>
        <if test="fcmAssociateContractIdEqualTo != null">
            and t1.fcm_associate_contract_id = \#{fcmAssociateContractIdEqualTo}
        </if>
        <if test="fccContractCarmodelIdEqualTo != null">
            and t2.fcc_contract_carmodel_id = \#{fccContractCarmodelIdEqualTo}
        </if>
        <if test="fcmContractStateIn != null and fcmContractStateIn.size > 0">
            and t1.fcm_contract_state in
            <foreach collection="fcmContractStateIn" item="state" open="(" close=")" separator=",">
                \#{state}
            </foreach>
        </if>
        <if test="sidx != null and sord != null">
            order by
            <choose>
                <when test="sidx == 'fcmId'">
                    t1.fcm_id #[[\$]]#{sord}
                </when>
                <when test="sidx == 'fcmContractNo'">
                    t1.fcm_contract_no #[[\$]]#{sord}
                </when>
                <when test="sidx == 'fcmCityId'">
                    t1.fcm_city_id #[[\$]]#{sord}
                </when>
                <when test="sidx == 'fcmContractType'">
                    t1.fcm_contract_type #[[\$]]#{sord}
                </when>
                <when test="sidx == 'fcmPartyaType'">
                    t1.fcm_partya_type #[[\$]]#{sord}
                </when>
                <when test="sidx == 'fcmPartyaId'">
                    t1.fcm_partya_id #[[\$]]#{sord}
                </when>
                <when test="sidx == 'fcmPartybType'">
                    t1.fcm_partyb_type #[[\$]]#{sord}
                </when>
                <when test="sidx == 'fcmPartybId'">
                    t1.fcm_partyb_id #[[\$]]#{sord}
                </when>
                <when test="sidx == 'fcmOperatPlatform'">
                    t1.fcm_operat_platform #[[\$]]#{sord}
                </when>
                <when test="sidx == 'fcmSignedDate'">
                    t1.fcm_signed_date #[[\$]]#{sord}
                </when>
                <when test="sidx == 'fcmLeaseCount'">
                    t1.fcm_lease_count #[[\$]]#{sord}
                </when>
                <when test="sidx == 'fcmLeaseStartType'">
                    t1.fcm_lease_start_type #[[\$]]#{sord}
                </when>
                <when test="sidx == 'fcmLeaseStartDate'">
                    t1.fcm_lease_start_date #[[\$]]#{sord}
                </when>
                <when test="sidx == 'fcmLeaseEndDate'">
                    t1.fcm_lease_end_date #[[\$]]#{sord}
                </when>
                <when test="sidx == 'fcmLeaseType'">
                    t1.fcm_lease_type #[[\$]]#{sord}
                </when>
                <when test="sidx == 'fcmLeaseAmount'">
                    t1.fcm_lease_amount #[[\$]]#{sord}
                </when>

                <when test="sidx == 'fcmRentPayType'">
                    t1.fcm_rent_pay_type #[[\$]]#{sord}
                </when>
                <when test="sidx == 'fcmRentPayCycle'">
                    t1.fcm_rent_pay_cycle #[[\$]]#{sord}
                </when>
                <when test="sidx == 'fcmGiveLease'">
                    t1.fcm_give_lease #[[\$]]#{sord}
                </when>
                <when test="sidx == 'fcmGiveSequence'">
                    t1.fcm_give_sequence #[[\$]]#{sord}
                </when>
                <when test="sidx == 'fcmBillGenerateType'">
                    t1.fcm_bill_generate_type #[[\$]]#{sord}
                </when>
                <when test="sidx == 'fcmBillGenerateInterval'">
                    t1.fcm_bill_generate_interval #[[\$]]#{sord}
                </when>
                <when test="sidx == 'fcmBillCatoffType'">
                    t1.fcm_bill_catoff_type #[[\$]]#{sord}
                </when>
                <when test="sidx == 'fcmBillCatoffInterval'">
                    t1.fcm_bill_catoff_interval #[[\$]]#{sord}
                </when>

                <when test="sidx == 'fcmCarnumTotal'">
                    t1.fcm_carnum_total #[[\$]]#{sord}
                </when>
                <when test="sidx == 'fcmSingleMargin'">
                    t1.fcm_single_margin #[[\$]]#{sord}
                </when>
                <when test="sidx == 'fcmMarginPayRequire'">
                    t1.fcm_margin_pay_require #[[\$]]#{sord}
                </when>
                <when test="sidx == 'fcmLeaseAmountTotal'">
                    t1.fcm_lease_amount_total #[[\$]]#{sord}
                </when>
                <when test="sidx == 'fcmMarginTotal'">
                    t1.fcm_margin_total #[[\$]]#{sord}
                </when>
                <when test="sidx == 'fcmCarPurchase'">
                    t1.fcm_car_purchase #[[\$]]#{sord}
                </when>
                <when test="sidx == 'fcmBoldRent'">
                    t1.fcm_bold_rent #[[\$]]#{sord}
                </when>
                <when test="sidx == 'fcmCarPurchaseAdvance'">
                    t1.fcm_car_purchase_advance #[[\$]]#{sord}
                </when>
                <when test="sidx == 'fcmContractState'">
                    t1.fcm_contract_state #[[\$]]#{sord}
                </when>
                <when test="sidx == 'fcmSettlementState'">
                    t1.fcm_settlement_state #[[\$]]#{sord}
                </when>
                <when test="sidx == 'fcmAssociateContractId'">
                    t1.fcm_associate_contract_id #[[\$]]#{sord}
                </when>
                <when test="sidx == 'fcmAssociateContractNo'">
                    t1.fcm_associate_contract_no #[[\$]]#{sord}
                </when>
                <when test="sidx == 'createuser'">
                    t1.createuser #[[\$]]#{sord}
                </when>
                <when test="sidx == 'createtime'">
                    t1.createtime #[[\$]]#{sord}
                </when>
                <when test="sidx == 'updatetime'">
                    t1.updatetime #[[\$]]#{sord}
                </when>
                <when test="sidx == 'updateuser'">
                    t1.updateuser #[[\$]]#{sord}
                </when>
                <otherwise>
                    #[[\$]]#{sidx} #[[\$]]#{sord}
                </otherwise>
            </choose>
        </if>

    </select>

    <select id="getPage" resultMap="BaseResultMap">
        select * from fnc_contract_management as t1
        where t1.dr = 0

        <if test="fcmIdEqualTo != null">
            and t1.fcm_id = \#{fcmIdEqualTo}
        </if>
        <if test="fcmSettlementStateEqualTo != null">
            and t1.fcm_settlement_state = \#{fcmSettlementStateEqualTo}
        </if>

        <if test="fcmContractStateEqualTo != null">
            and t1.fcm_contract_state = \#{fcmContractStateEqualTo}
        </if>

        <if test="fcmDeliverCityEqualTo != null">
            and t1.fcm_deliver_city = \#{fcmDeliverCityEqualTo}
        </if>
        <if test="fcmReturnCityEqualTo != null">
            and t1.fcm_return_city = \#{fcmReturnCityEqualTo}
        </if>
        <if test="fcmSignedAddrEqualTo != null">
            and t1.fcm_signed_addr = \#{fcmSignedAddrEqualTo}
        </if>


        <if test="fcmContractTypeEqualTo != null">
            and t1.fcm_contract_type = \#{fcmContractTypeEqualTo}
        </if>
        <if test="fcmLeaseStartTypeEqualTo != null">
            and t1.fcm_lease_start_type = \#{fcmLeaseStartTypeEqualTo}
        </if>
        <if test="fcmPartyaIdEqualTo != null">
            and t1.fcm_partya_id = \#{fcmPartyaIdEqualTo}
        </if>
        <if test="fcmPartybIdEqualTo != null">
            and t1.fcm_partyb_id = \#{fcmPartybIdEqualTo}
        </if>

        <if test="fcmCarTypeIdEqualTo != null">
            and t1.fcm_car_type_id = \#{fcmCarTypeIdEqualTo}
        </if>

        <if test="fcmLeaseAmountEqualTo != null">
            and t1.fcm_lease_amount = \#{fcmLeaseAmountEqualTo}
        </if>

        <if test="fcmCarnumTotalEqualTo != null">
            and t1.fcm_carnum_total = \#{fcmCarnumTotalEqualTo}
        </if>



        <if test="fcmDeliverTypeEqualTo != null">
            and t1.fcm_deliver_type = \#{fcmDeliverTypeEqualTo}
        </if>

        <if test="fcmSubletEqualTo != null">
            and t1.fcm_sublet = \#{fcmSubletEqualTo}
        </if>

        <if test="fcmCarNatureLike != null and fcmCarNatureLike!= ''">
            and t1.fcm_car_nature like concat('%', \#{fcmCarNatureLike}, '%')
        </if>
        <if test="fcmLeaseStartDateGreaterThanOrEqualTo  !=null ">
            and t1.fcm_lease_start_date &gt;= \#{fcmLeaseStartDateGreaterThanOrEqualTo}
        </if>
        <if test="fcmLeaseStartDateLessThanOrEqualTo  !=null ">
            and t1.fcm_lease_start_date &lt;= \#{fcmLeaseStartDateLessThanOrEqualTo}
        </if>

        <if test="fcmLeaseEndDateGreaterThanOrEqualTo  !=null ">
            and t1.fcm_lease_end_date &gt;= \#{fcmLeaseEndDateGreaterThanOrEqualTo}
        </if>
        <if test="fcmLeaseEndDateLessThanOrEqualTo  !=null ">
            and t1.fcm_lease_end_date &lt;= \#{fcmLeaseEndDateLessThanOrEqualTo}
        </if>

        <if test="fcmContractNoLike != null">
            and t1.fcm_contract_no like concat('%', \#{fcmContractNoLike}, '%')
        </if>
        <if test="fcmContractStateIn != null and fcmContractStateIn.size > 0">
            and t1.fcm_contract_state in
            <foreach collection="fcmContractStateIn" item="state" open="(" close=")" separator=",">
                \#{state}
            </foreach>
        </if>
        <if test="fcmSignedDateGreaterThanOrEqualTo  !=null ">
            and t1.fcm_lease_count &gt;= \#{fcmSignedDateGreaterThanOrEqualTo}
        </if>
        <if test="fcmSignedDateLessThanOrEqualTo  !=null ">
            and t1.fcm_lease_count &lt;= \#{fcmSignedDateLessThanOrEqualTo}
        </if>

        <if test="fcmUseLike != null">
            and t1.fcm_use like concat('%', \#{fcmUseLike}, '%')
        </if>


        <if test="createtimeGreaterThanOrEqualTo  !=null ">
            and t1.createtime &gt;= \#{createtimeGreaterThanOrEqualTo}
        </if>
        <if test="createtimeLessThanOrEqualTo  !=null ">
            and t1.createtime &lt;= \#{createtimeLessThanOrEqualTo}
        </if>
        <if test="updatetimeGreaterThanOrEqualTo  !=null ">
            and t1.updatetime &gt;= \#{updatetimeGreaterThanOrEqualTo}
        </if>
        <if test="updatetimeLessThanOrEqualTo  !=null ">
            and t1.updatetime &lt;= \#{updatetimeLessThanOrEqualTo}
        </if>
        <if test="createuserEqualTo !=null and createuserEqualTo !=''">
            and t1.createuser =\#{createuserEqualTo}
        </if>
        <if test="updateuserEqualTo !=null and updateuserEqualTo !=''">
            and t1.updateuser =\#{updateuserEqualTo}
        </if>
        <if test="sidx != null and sord != null">
            order by
            <choose>
                <when test="sidx == 'fcmId'">
                    t1.fcm_id #[[\$]]#{sord}
                </when>
                <when test="sidx == 'fcmContractNo'">
                    t1.fcm_contract_no #[[\$]]#{sord}
                </when>
                <when test="sidx == 'fcmCityId'">
                    t1.fcm_city_id #[[\$]]#{sord}
                </when>
                <when test="sidx == 'fcmContractType'">
                    t1.fcm_contract_type #[[\$]]#{sord}
                </when>
                <when test="sidx == 'fcmCarTypeId'">
                    t1.fcm_car_type_id #[[\$]]#{sord}
                </when>
                <when test="sidx == 'fcmPartyaIdEqualTo'">
                    t1.fcm_partya_id #[[\$]]#{sord}
                </when>
                <when test="sidx == 'fcmPartybType'">
                    t1.fcm_partyb_type #[[\$]]#{sord}
                </when>
                <when test="sidx == 'fcmPartybIdEqualTo'">
                    t1.fcm_partyb_id #[[\$]]#{sord}
                </when>
                <when test="sidx == 'fcmOperatPlatform'">
                    t1.fcm_operat_platform #[[\$]]#{sord}
                </when>
                <when test="sidx == 'fcmSignedDate'">
                    t1.fcm_signed_date #[[\$]]#{sord}
                </when>
                <when test="sidx == 'fcmLeaseCount'">
                    t1.fcm_lease_count #[[\$]]#{sord}
                </when>
                <when test="sidx == 'fcmLeaseStartType'">
                    t1.fcm_lease_start_type #[[\$]]#{sord}
                </when>
                <when test="sidx == 'fcmLeaseStartDate'">
                    t1.fcm_lease_start_date #[[\$]]#{sord}
                </when>
                <when test="sidx == 'fcmLeaseEndDate'">
                    t1.fcm_lease_end_date #[[\$]]#{sord}
                </when>
                <when test="sidx == 'fcmLeaseType'">
                    t1.fcm_lease_type #[[\$]]#{sord}
                </when>
                <when test="sidx == 'fcmLeaseAmount'">
                    t1.fcm_lease_amount #[[\$]]#{sord}
                </when>

                <when test="sidx == 'fcmRentPayType'">
                    t1.fcm_rent_pay_type #[[\$]]#{sord}
                </when>
                <when test="sidx == 'fcmRentPayCycle'">
                    t1.fcm_rent_pay_cycle #[[\$]]#{sord}
                </when>
                <when test="sidx == 'fcmGiveLease'">
                    t1.fcm_give_lease #[[\$]]#{sord}
                </when>
                <when test="sidx == 'fcmGiveSequence'">
                    t1.fcm_give_sequence #[[\$]]#{sord}
                </when>
                <when test="sidx == 'fcmBillGenerateType'">
                    t1.fcm_bill_generate_type #[[\$]]#{sord}
                </when>
                <when test="sidx == 'fcmBillGenerateInterval'">
                    t1.fcm_bill_generate_interval #[[\$]]#{sord}
                </when>
                <when test="sidx == 'fcmBillCatoffType'">
                    t1.fcm_bill_catoff_type #[[\$]]#{sord}
                </when>
                <when test="sidx == 'fcmBillCatoffInterval'">
                    t1.fcm_bill_catoff_interval #[[\$]]#{sord}
                </when>

                <when test="sidx == 'fcmCarnumTotal'">
                    t1.fcm_carnum_total #[[\$]]#{sord}
                </when>
                <when test="sidx == 'fcmSingleMargin'">
                    t1.fcm_single_margin #[[\$]]#{sord}
                </when>
                <when test="sidx == 'fcmMarginPayRequire'">
                    t1.fcm_margin_pay_require #[[\$]]#{sord}
                </when>
                <when test="sidx == 'fcmLeaseAmountTotal'">
                    t1.fcm_lease_amount_total #[[\$]]#{sord}
                </when>
                <when test="sidx == 'fcmMarginTotal'">
                    t1.fcm_margin_total #[[\$]]#{sord}
                </when>
                <when test="sidx == 'fcmCarPurchase'">
                    t1.fcm_car_purchase #[[\$]]#{sord}
                </when>
                <when test="sidx == 'fcmBoldRent'">
                    t1.fcm_bold_rent #[[\$]]#{sord}
                </when>
                <when test="sidx == 'fcmCarPurchaseAdvance'">
                    t1.fcm_car_purchase_advance #[[\$]]#{sord}
                </when>
                <when test="sidx == 'fcmContractState'">
                    t1.fcm_contract_state #[[\$]]#{sord}
                </when>
                <when test="sidx == 'fcmSettlementState'">
                    t1.fcm_settlement_state #[[\$]]#{sord}
                </when>


                <when test="sidx == 'fcmLeaseNper'">
                    t1.fcm_lease_nper #[[\$]]#{sord}
                </when>
                <when test="sidx == 'fcmCarNature'">
                    t1.fcm_car_nature #[[\$]]#{sord}
                </when>
                <when test="sidx == 'fcmMarginType'">
                    t1.fcm_margin_type #[[\$]]#{sord}
                </when>
                <when test="sidx == 'fcmSignedAddr'">
                    t1.fcm_signed_addr #[[\$]]#{sord}
                </when>
                <when test="sidx == 'fcmReturnCity'">
                    t1.fcm_return_city #[[\$]]#{sord}
                </when>
                <when test="sidx == 'fcmDeliverType'">
                    t1.fcm_deliver_type #[[\$]]#{sord}
                </when>
                <when test="sidx == 'fcmSublet'">
                    t1.fcm_sublet #[[\$]]#{sord}
                </when>
                <when test="sidx == 'fcmUse'">
                    t1.fcm_use #[[\$]]#{sord}
                </when>
                <when test="sidx == 'fcmMarginPayType'">
                    t1.fcm_margin_pay_type #[[\$]]#{sord}
                </when>
                <when test="sidx == 'fcmMarginAmount'">
                    t1.fcm_margin_amount #[[\$]]#{sord}
                </when>


                <when test="sidx == 'fcmAssociateContractId'">
                    t1.fcm_associate_contract_id #[[\$]]#{sord}
                </when>
                <when test="sidx == 'fcmAssociateContractNo'">
                    t1.fcm_associate_contract_no #[[\$]]#{sord}
                </when>
                <when test="sidx == 'createuser'">
                    t1.createuser #[[\$]]#{sord}
                </when>
                <when test="sidx == 'createtime'">
                    t1.createtime #[[\$]]#{sord}
                </when>
                <when test="sidx == 'updatetime'">
                    t1.updatetime #[[\$]]#{sord}
                </when>
                <when test="sidx == 'updateuser'">
                    t1.updateuser #[[\$]]#{sord}
                </when>
                <otherwise>
                    #[[\$]]#{sidx} #[[\$]]#{sord}
                </otherwise>
            </choose>
        </if>
    </select>
    <select id="selectRentTimeAndTurnerNo" resultMap="BaseResultMap">
        select t1.*
        from fnc_contract_management t1
        where t1.dr = 0
        <if test="state != null ">
            and t1.fnc_turner_single_deal = \#{state}
        </if>
        AND date_add(t1.fcm_lease_end_date, interval \#{dayOne} day) &lt;= CURDATE()
    </select>



    <resultMap type="com.mrk.finance.dto.ManagementRiskDto" id="ManagementRiskDtoMap">
        <id column="fcm_partyb_id" jdbcType="BIGINT" property="fcmPartybId"/>
        <result column="fbm_id" jdbcType="BIGINT" property="fbmId"/>
        <result column="fbm_bill_catoff_time" jdbcType="TIMESTAMP" property="fbmBillCatoffTime"/>
    </resultMap>

    <select id="getOverdue" resultMap="ManagementRiskDtoMap">
        SELECT
        fbm_id,
        fcm_partyb_id,
        fbm_bill_catoff_time
        FROM
        fnc_bill_management fbm
        LEFT JOIN fnc_contract_management fcm ON fbm.fbm_associate_contract_id = fcm.fcm_id
        WHERE
        fcm.fcm_partyb_type = 2
        AND fbm.fbm_bill_state in (3,4)
        <if test="day !=null">
            and DATE_ADD(fbm_bill_catoff_time, INTERVAL \#{day} DAY) &lt;= NOW()
        </if>
        and fbm.dr=0
    </select>

    <resultMap type="com.mrk.finance.client.dto.ContractAnalysisDto" id="selectAllContractWithRentAmountMap">
        <result column="dcaContractId" jdbcType="BIGINT" property="dcaContractId"/>
        <result column="dcaContractAmount" jdbcType="DOUBLE" property="dcaContractAmount"/>
        <result column="dcaPartyaId" jdbcType="BIGINT" property="dcaPartyaId"/>
        <result column="dcaPartyaType" jdbcType="INTEGER" property="dcaPartyaType"/>
        <result column="dcaPartybId" jdbcType="BIGINT" property="dcaPartybId"/>
        <result column="dcaPartybType" jdbcType="INTEGER" property="dcaPartybType"/>
        <result column="dcaTime" jdbcType="TIMESTAMP" property="dcaTime"/>
    </resultMap>
    <select id="selectAllStartedContractWithRentAmount" resultMap="selectAllContractWithRentAmountMap">
        select \#
        t2.fcm_id               dcaContractId,
        sum(if(t1.fbm_subjects = 0 and t1.fbm_subjects is not null,
        t1.fbm_bill_amount,
        0))                 dcaContractAmount,
        t2.fcm_partya_id        dcaPartyaId,
        t2.fcm_partya_type      dcaPartyaType,
        t2.fcm_partyb_id        dcaPartybId,
        t2.fcm_partyb_type      dcaPartybType,
        t2.fcm_lease_start_date dcaTime

        from fnc_contract_management t2
        left join
        fnc_bill_management t1
        on t2.fcm_id = t1.fbm_associate_contract_id

        where t1.dr = 0
        and t2.dr = 0
        <!-- 合同状态>0, 表示租赁中及以后 -->
        and t2.fcm_contract_state &gt; 0
        and t2.fcm_lease_start_date is not null
        group by fcm_id

    </select>

    <select id="selectAllStartedContractWithRentAmountTest" resultMap="selectAllContractWithRentAmountMap">
        select \#
        t2.fcm_id               dcaContractId,
        sum(if(t1.fbm_subjects = 0 and t1.fbm_subjects is not null,
        t1.fbm_bill_amount,
        0))                 dcaContractAmount,
        t2.fcm_partya_id        dcaPartyaId,
        t2.fcm_partya_type      dcaPartyaType,
        t2.fcm_partyb_id        dcaPartybId,
        t2.fcm_partyb_type      dcaPartybType,
        t2.fcm_lease_start_date dcaTime

        from fnc_contract_management t2
        inner join
        fnc_bill_management t1
        on t2.fcm_id = t1.fbm_associate_contract_id

        where t1.dr = 0
        and t2.dr = 0
        <!-- 合同状态>0, 表示租赁中及以后 -->
        and t2.fcm_contract_state &gt; 0
        and t2.fcm_lease_start_date is not null
        group by fcm_id
        LIMIT \#{start}, \#{size}

    </select>
    <select id="leasePage" resultMap="BaseResultMap">

        select * from fnc_contract_management as t1
        where t1.dr = 0
        <if test="fcmIdEqualTo != null">
            and t1.fcm_id = \#{fcmIdEqualTo}
        </if>
        <if test="fcmDeliverCityEqualTo != null">
            and t1.fcm_deliver_city = \#{fcmDeliverCityEqualTo}
        </if>
        <if test="fcmReturnCityEqualTo != null">
            and t1.fcm_return_city = \#{fcmReturnCityEqualTo}
        </if>
        <if test="fcmSignedAddrEqualTo != null">
            and t1.fcm_signed_addr = \#{fcmSignedAddrEqualTo}
        </if>
        <if test="fcmContractTypeList != null and fcmContractTypeList.size > 0">
            and t1.fcm_contract_type in
            <foreach collection="fcmContractTypeList" item="type" open="(" close=")" separator=",">
                \#{type}
            </foreach>
        </if>
        <if test="fcmLeaseStartTypeEqualTo != null">
            and t1.fcm_lease_start_type = \#{fcmLeaseStartTypeEqualTo}
        </if>
        <if test="fcmPartyAEqualTo != null">
            and t1.fcm_party_a = \#{fcmPartyAEqualTo}
        </if>
        <if test="fcmPartyBTypeEqualTo != null">
            and t1.fcm_party_b_type = \#{fcmPartyBTypeEqualTo}
        </if>
        <if test="fcmCarTypeIdEqualTo != null">
            and t1.fcm_car_type_id = \#{fcmCarTypeIdEqualTo}
        </if>

        <if test="fcmLeaseAmountEqualTo != null">
            and t1.fcm_lease_amount = \#{fcmLeaseAmountEqualTo}
        </if>

        <if test="fcmCarnumTotalEqualTo != null">
            and t1.fcm_carnum_total = \#{fcmCarnumTotalEqualTo}
        </if>



        <if test="fcmDeliverTypeEqualTo != null">
            and t1.fcm_deliver_type = \#{fcmDeliverTypeEqualTo}
        </if>

        <if test="fcmSubletEqualTo != null">
            and t1.fcm_sublet = \#{fcmSubletEqualTo}
        </if>

        <if test="fcmCarNatureLike != null">
            and t1.fcm_car_nature like concat('%', \#{fcmCarNatureLike}, '%')
        </if>


        <if test="fcmLeaseStartDateGreaterThanOrEqualTo  !=null ">
            and t1.fcm_lease_start_date &gt;= \#{fcmLeaseStartDateGreaterThanOrEqualTo}
        </if>
        <if test="fcmLeaseStartDateLessThanOrEqualTo  !=null ">
            and t1.fcm_lease_start_date &lt;= \#{fcmLeaseStartDateLessThanOrEqualTo}
        </if>


        <if test="fcmLeaseEndDateGreaterThanOrEqualTo  !=null ">
            and t1.fcm_lease_end_date &gt;= \#{fcmLeaseEndDateGreaterThanOrEqualTo}
        </if>
        <if test="fcmLeaseEndDateLessThanOrEqualTo  !=null ">
            and t1.fcm_lease_end_date &lt;= \#{fcmLeaseEndDateLessThanOrEqualTo}
        </if>



        <if test="fcmContractNoLike != null">
            and t1.fcm_contract_no like concat('%', \#{fcmContractNoLike}, '%')
        </if>
        <if test="fcmContractStateIn != null and fcmContractStateIn.size > 0">
            and t1.fcm_contract_state in
            <foreach collection="fcmContractStateIn" item="state" open="(" close=")" separator=",">
                \#{state}
            </foreach>
        </if>
        <if test="fcmSignedDateGreaterThanOrEqualTo  !=null ">
            and t1.fcm_lease_count &gt;= \#{fcmSignedDateGreaterThanOrEqualTo}
        </if>
        <if test="fcmSignedDateLessThanOrEqualTo  !=null ">
            and t1.fcm_lease_count &lt;= \#{fcmSignedDateLessThanOrEqualTo}
        </if>
        <if test="fcmUseLike != null">
            and t1.fcm_use like concat('%', \#{fcmUseLike}, '%')
        </if>
        order by t1.fcm_id desc


    </select>


</mapper>
