<?xml version="1.0" encoding="UTF-8" ?>
<!DOCTYPE mapper
        PUBLIC "-//mybatis.org//DTD Mapper 3.0//EN"
        "http://mybatis.org/dtd/mybatis-3-mapper.dtd">
<mapper namespace="com.mrk.finance.dao.FncDdWithholdMapper">

    <resultMap type="com.mrk.finance.model.FncDdWithhold" id="BaseResultMap">
        <id column="fdw_id" jdbcType="BIGINT" property="fdwId"/>
        <result column="fdw_trade_names" jdbcType="VARCHAR" property="fdwTradeNames"/>
        <result column="fdw_account_deal_flow" jdbcType="VARCHAR" property="fdwAccountDealFlow"/>
        <result column="fdw_trade_time" jdbcType="TIMESTAMP" property="fdwTradeTime"/>
        <result column="fdw_trade_party" jdbcType="VARCHAR" property="fdwTradeParty"/>
        <result column="fdw_trade_amount" jdbcType="DOUBLE" property="fdwTradeAmount"/>
        <result column="fdw_order_no" jdbcType="VARCHAR" property="fdwOrderNo"/>
        <result column="fdw_account_no" jdbcType="VARCHAR" property="fdwAccountNo"/>
        <result column="fdw_car_vin" jdbcType="VARCHAR" property="fdwCarVin"/>
        <result column="fdw_match_state" jdbcType="INTEGER" property="fdwMatchState"/>
        <result column="fdw_match_bill" jdbcType="VARCHAR" property="fdwMatchBill"/>
        <result column="fdw_match_way" jdbcType="INTEGER" property="fdwMatchWay"/>
        <result column="fdw_matched_amount" jdbcType="DOUBLE" property="fdwMatchedAmount"/>
        <result column="fdw_not_match_amount" jdbcType="DOUBLE" property="fdwNotMatchAmount"/>
        <result column="remark" jdbcType="VARCHAR" property="remark"/>
        <result column="createuser" jdbcType="VARCHAR" property="createuser"/>
        <result column="createtime" jdbcType="TIMESTAMP" property="createtime"/>
        <result column="updateuser" jdbcType="VARCHAR" property="updateuser"/>
        <result column="updatetime" jdbcType="TIMESTAMP" property="updatetime"/>
        <result column="dr" jdbcType="INTEGER" property="dr"/>
    </resultMap>
</mapper>
