<?xml version="1.0" encoding="UTF-8" ?>
<!DOCTYPE mapper
        PUBLIC "-//mybatis.org//DTD Mapper 3.0//EN"
        "http://mybatis.org/dtd/mybatis-3-mapper.dtd">
<mapper namespace="com.mrk.finance.dao.FncRentalFeesMapper">

    <resultMap type="com.mrk.finance.model.FncRentalFees" id="BaseResultMap">
        <id column="frf_id" jdbcType="BIGINT" property="frfId"/>
        <result column="frf_name" jdbcType="VARCHAR" property="frfName"/>
        <result column="frf_mark" jdbcType="VARCHAR" property="frfMark"/>
        <result column="frf_write" jdbcType="INTEGER" property="frfWrite"/>
        <result column="remark" jdbcType="VARCHAR" property="remark"/>
        <result column="createuser" jdbcType="VARCHAR" property="createuser"/>
        <result column="createtime" jdbcType="TIMESTAMP" property="createtime"/>
        <result column="updateuser" jdbcType="VARCHAR" property="updateuser"/>
        <result column="updatetime" jdbcType="TIMESTAMP" property="updatetime"/>
        <result column="dr" jdbcType="INTEGER" property="dr"/>
    </resultMap>
</mapper>
