<?xml version="1.0" encoding="UTF-8" ?>
<!DOCTYPE mapper
        PUBLIC "-//mybatis.org//DTD Mapper 3.0//EN"
        "http://mybatis.org/dtd/mybatis-3-mapper.dtd">
<mapper namespace="com.mrk.finance.dao.FncRevenueWaterRecordMapper">

    <resultMap type="com.mrk.finance.model.FncRevenueWaterRecord" id="BaseResultMap">
        <id column="frwr_id" jdbcType="BIGINT" property="frwrId"/>
        <result column="frwr_bill_id" jdbcType="BIGINT" property="frwrBillId"/>
        <result column="frwr_revenue_type" jdbcType="INTEGER" property="frwrRevenueType"/>
        <result column="frwr_revenue_id" jdbcType="BIGINT" property="frwrRevenueId"/>
        <result column="frwr_match_state" jdbcType="INTEGER" property="frwrMatchState"/>
        <result column="frwr_describe" jdbcType="VARCHAR" property="frwrDescribe"/>
        <result column="remark" jdbcType="VARCHAR" property="remark"/>
        <result column="createuser" jdbcType="VARCHAR" property="createuser"/>
        <result column="createtime" jdbcType="TIMESTAMP" property="createtime"/>
        <result column="updateuser" jdbcType="VARCHAR" property="updateuser"/>
        <result column="updatetime" jdbcType="TIMESTAMP" property="updatetime"/>
        <result column="dr" jdbcType="INTEGER" property="dr"/>
    </resultMap>
</mapper>
