<?xml version="1.0" encoding="UTF-8" ?>
<!DOCTYPE mapper
        PUBLIC "-//mybatis.org//DTD Mapper 3.0//EN"
        "http://mybatis.org/dtd/mybatis-3-mapper.dtd">
<mapper namespace="com.mrk.finance.dao.FncTempMapper">

    <resultMap type="com.mrk.finance.model.FncTemp" id="BaseResultMap">
        <id column="fnc_id" jdbcType="BIGINT" property="fncId"/>
        <result column="fnc_city" jdbcType="VARCHAR" property="fncCity"/>
        <result column="fnc_member_id" jdbcType="BIGINT" property="fncMemberId"/>
        <result column="fnc_name" jdbcType="VARCHAR" property="fncName"/>
        <result column="fnc_idnumber" jdbcType="VARCHAR" property="fncIdnumber"/>
        <result column="fnc_car_vin" jdbcType="VARCHAR" property="fncCarVin"/>
        <result column="fnc_agreement_number" jdbcType="VARCHAR" property="fncAgreementNumber"/>
        <result column="fnc_rent_date" jdbcType="TIMESTAMP" property="fncRentDate"/>
        <result column="fnc_lease_count" jdbcType="INTEGER" property="fncLeaseCount"/>
        <result column="fnc_month" jdbcType="TIMESTAMP" property="fncMonth"/>
        <result column="fnc_month_rent" jdbcType="DOUBLE" property="fncMonthRent"/>
        <result column="fnc_month_withhold" jdbcType="DOUBLE" property="fncMonthWithhold"/>
        <result column="fnc_error_msg" jdbcType="VARCHAR" property="fncErrorMsg"/>
        <result column="fnc_error" jdbcType="INTEGER" property="fncError"/>
        <result column="fnc_account_no" jdbcType="VARCHAR" property="fncAccountNo"/>
        <result column="fnc_operate_code" jdbcType="VARCHAR" property="fncOperateCode"/>
        <result column="fnc_trade_time" jdbcType="TIMESTAMP" property="fncTradeTime"/>
        <result column="fnc_trade_amount" jdbcType="DOUBLE" property="fncTradeAmount"/>
        <result column="fnc_trade_names" jdbcType="VARCHAR" property="fncTradeNames"/>
        <result column="fnc_account_deal_flow" jdbcType="VARCHAR" property="fncAccountDealFlow"/>
        <result column="fnc_trade_party" jdbcType="VARCHAR" property="fncTradeParty"/>
        <result column="fnc_order_no" jdbcType="VARCHAR" property="fncOrderNo"/>
        <result column="fnc_voucher_no" jdbcType="VARCHAR" property="fncVoucherNo"/>
        <result column="fnc_own_account" jdbcType="VARCHAR" property="fncOwnAccount"/>
        <result column="fnc_month_rent_balance" jdbcType="DOUBLE" property="fncMonthRentBalance"/>
        <result column="fnc_digest" jdbcType="VARCHAR" property="fncDigest"/>
        <result column="fnc_other_account" jdbcType="VARCHAR" property="fncOtherAccount"/>
        <result column="fnc_other_unit_name" jdbcType="VARCHAR" property="fncOtherUnitName"/>
        <result column="fnc_loan_type" jdbcType="VARCHAR" property="fncLoanType"/>
        <result column="fnc_deal_time" jdbcType="TIMESTAMP" property="fncDealTime"/>
        <result column="fnc_borrow_amount" jdbcType="DOUBLE" property="fncBorrowAmount"/>
        <result column="fnc_credit_amount" jdbcType="DOUBLE" property="fncCreditAmount"/>
        <result column="fnc_use" jdbcType="VARCHAR" property="fncUse"/>
        <result column="createuser" jdbcType="VARCHAR" property="createuser"/>
        <result column="createtime" jdbcType="TIMESTAMP" property="createtime"/>
        <result column="updateuser" jdbcType="VARCHAR" property="updateuser"/>
        <result column="updatetime" jdbcType="TIMESTAMP" property="updatetime"/>
        <result column="remark" jdbcType="VARCHAR" property="remark"/>
        <result column="dr" jdbcType="INTEGER" property="dr"/>
    </resultMap>
</mapper>
