<?xml version="1.0" encoding="UTF-8" ?>
<!DOCTYPE mapper
        PUBLIC "-//mybatis.org//DTD Mapper 3.0//EN"
        "http://mybatis.org/dtd/mybatis-3-mapper.dtd">
<mapper namespace="com.mrk.finance.dao.FncTtWithholdMapper">

    <resultMap type="com.mrk.finance.model.FncTtWithhold" id="BaseResultMap">
        <id column="ftw_id" jdbcType="BIGINT" property="ftwId"/>
        <result column="ftw_city_id" jdbcType="BIGINT" property="ftwCityId"/>
        <result column="ftw_name" jdbcType="VARCHAR" property="ftwName"/>
        <result column="ftw_idnumber" jdbcType="VARCHAR" property="ftwIdnumber"/>
        <result column="ftw_member_id" jdbcType="BIGINT" property="ftwMemberId"/>
        <result column="ftw_agreement_number" jdbcType="VARCHAR" property="ftwAgreementNumber"/>
        <result column="ftw_rent_date" jdbcType="TIMESTAMP" property="ftwRentDate"/>
        <result column="ftw_lease_count" jdbcType="INTEGER" property="ftwLeaseCount"/>
        <result column="ftw_car_model" jdbcType="BIGINT" property="ftwCarModel"/>
        <result column="ftw_car_vin" jdbcType="VARCHAR" property="ftwCarVin"/>
        <result column="ftw_month_rent" jdbcType="DOUBLE" property="ftwMonthRent"/>
        <result column="ftw_month_withhold" jdbcType="DOUBLE" property="ftwMonthWithhold"/>
        <result column="ftw_month_rent_balance" jdbcType="DOUBLE" property="ftwMonthRentBalance"/>
        <result column="ftw_match_state" jdbcType="INTEGER" property="ftwMatchState"/>
        <result column="ftw_match_bill" jdbcType="VARCHAR" property="ftwMatchBill"/>
        <result column="ftw_match_way" jdbcType="INTEGER" property="ftwMatchWay"/>
        <result column="ftw_matched_amount" jdbcType="DOUBLE" property="ftwMatchedAmount"/>
        <result column="ftw_not_match_amount" jdbcType="DOUBLE" property="ftwNotMatchAmount"/>
        <result column="remark" jdbcType="VARCHAR" property="remark"/>
        <result column="createuser" jdbcType="VARCHAR" property="createuser"/>
        <result column="createtime" jdbcType="TIMESTAMP" property="createtime"/>
        <result column="updateuser" jdbcType="VARCHAR" property="updateuser"/>
        <result column="updatetime" jdbcType="TIMESTAMP" property="updatetime"/>
        <result column="dr" jdbcType="INTEGER" property="dr"/>
    </resultMap>
</mapper>
